training_RGB,test_RGB
0.2083333358168602,0.01944444496184583
