{
    "dataset": {
        "name": "Melanoma",
        "label_name": "melanoma",
        "indices": null
    },
    "individual": {
        "sequence": "[[0, 0, 0, 0, 0], [0, 0, 0, 0, 0], [0, 0, 0, 0, 0], [31, 1, 1, 71, 181], [1, 2, 1, 231, 243], [15, 4, 3, 72, 160], [40, 5, 4, 198, 254], [12, 5, 0, 251, 141], [7, 0, 6, 188, 199], [6, 3, 4, 105, 133], [0, 9, 3, 252, 183], [5, 9, 9, 168, 25], [13, 10, 6, 43, 202], [40, 11, 11, 178, 119], [10, 11, 4, 144, 252], [34, 4, 1, 220, 216], [35, 5, 8, 166, 203], [15, 15, 9, 39, 234], [17, 10, 16, 243, 77], [8, 10, 7, 51, 64], [5, 14, 18, 80, 88], [11, 3, 9, 186, 163], [22, 6, 15, 112, 62], [1, 6, 3, 254, 113], [36, 4, 17, 24, 201], [5, 13, 15, 227, 105], [3, 17, 5, 189, 247], [17, 18, 26, 122, 181], [36, 9, 0, 162, 134], [26, 25, 21, 220, 103], [29, 4, 0, 145, 110], [41, 22, 13, 152, 170], [39, 23, 29, 255, 64], [0, 28, 0, 0, 0], [0, 6, 0, 0, 0]]",
        "fitness": {
            "fitness": 0.1962596277395884,
            "time": 0.008867084980010986
        }
    },
    "decoding": {
        "metadata": {
            "rows": 1,
            "columns": 30,
            "n_in": 3,
            "n_out": 2,
            "n_para": 2,
            "n_conn": 2
        },
        "functions": [
            "max",
            "min",
            "mean",
            "add",
            "subtract",
            "bitwise_not",
            "bitwise_or",
            "bitwise_and",
            "bitwise_and_mask",
            "bitwise_xor",
            "sqrt",
            "pow2",
            "exp",
            "log",
            "median_blur",
            "gaussian_blur",
            "laplacian",
            "sobel",
            "robert_cross",
            "canny",
            "sharpen",
            "gabor",
            "abs_diff",
            "abs_diff2",
            "fluo_tophat",
            "rel_diff",
            "erode",
            "dilate",
            "open",
            "close",
            "morph_gradient",
            "morph_tophat",
            "morph_blackhat",
            "fill_holes",
            "remove_small_objects",
            "remove_small_holes",
            "threshold",
            "threshold_at_1",
            "distance_transform",
            "distance_transform_and_thresh",
            "inrange_bin",
            "inrange"
        ],
        "endpoint": {
            "name": "Marker-Based Watershed",
            "abbv": "WSHD",
            "arity": 2,
            "args": 0,
            "kwargs": {
                "use_dt": false,
                "markers_distance": 21,
                "markers_area": null
            }
        },
        "mode": "default"
    }
}